-- =====================================================
-- 📊 内容模块 - 丰富测试数据（50+条记录）
-- =====================================================
-- v5 Rich Edition - 专为Discovery页面设计
-- 数据量：50条内容 + 30条评论 + 10个话题
-- 特点：
-- - 多种内容类型（动态/活动/技能）
-- - 不同热度级别（热门/普通）
-- - 多城市分布（深圳/广州/北京/上海）
-- - 丰富的话题标签
-- =====================================================

USE `xypai_content`;

-- =====================================================
-- 清理旧测试数据
-- =====================================================
SET FOREIGN_KEY_CHECKS = 0;

DELETE FROM `content_action` WHERE `id` BETWEEN 9001 AND 9999;
DELETE FROM `topic_follow` WHERE `id` BETWEEN 8001 AND 8999;
DELETE FROM `content_topic` WHERE `id` BETWEEN 7001 AND 7999;
DELETE FROM `topic_stats` WHERE `topic_id` BETWEEN 4001 AND 4999;
DELETE FROM `topic` WHERE `id` BETWEEN 4001 AND 4999;
DELETE FROM `comment_like` WHERE `id` BETWEEN 6001 AND 6999;
DELETE FROM `comment` WHERE `id` BETWEEN 5001 AND 5999;
DELETE FROM `content_draft` WHERE `id` BETWEEN 3001 AND 3999;
DELETE FROM `content_stats` WHERE `content_id` BETWEEN 2001 AND 2999;
DELETE FROM `content` WHERE `id` BETWEEN 2001 AND 2999;

SET FOREIGN_KEY_CHECKS = 1;

SELECT '✅ 旧数据已清理' AS message;

-- =====================================================
-- 插入内容数据（50条）
-- =====================================================

INSERT INTO `content` (`id`, `user_id`, `type`, `title`, `content`, `cover_url`, `location_name`, `location_address`, `location`, `city_id`, `user_nickname`, `user_avatar`, `status`, `is_hot`, `publish_time`, `created_at`) VALUES

-- ========== 动态内容（20条）========== 
-- 技术分享类（10条）
(2001, 1001, 1, 'React 18新特性详解', '深入探讨React 18的并发渲染、Suspense和自动批处理等新特性，附实战案例', 'https://picsum.photos/800/600?random=101', NULL, NULL, ST_GeomFromText('POINT(0 0)', 4326), NULL, 'Alice·全栈开发', 'https://picsum.photos/200?random=1', 1, TRUE, '2024-12-28 09:00:00', '2024-12-28 09:00:00'),
(2002, 1002, 1, 'Figma高效设计技巧', '分享10个提升Figma设计效率的插件和快捷键技巧', 'https://picsum.photos/800/600?random=102', NULL, NULL, ST_GeomFromText('POINT(0 0)', 4326), NULL, 'Bob·UI设计师', 'https://picsum.photos/200?random=2', 1, TRUE, '2024-12-28 10:30:00', '2024-12-28 10:30:00'),
(2003, 1003, 1, 'SpringBoot实战项目', '从零搭建SpringBoot微服务项目，包含完整的代码和文档', 'https://picsum.photos/800/600?random=103', NULL, NULL, ST_GeomFromText('POINT(0 0)', 4326), NULL, 'Charlie·学生', 'https://picsum.photos/200?random=3', 1, FALSE, '2024-12-28 14:00:00', '2024-12-28 14:00:00'),
(2004, 1004, 1, 'MySQL性能优化实践', '数据库索引设计、查询优化、分库分表经验总结', 'https://picsum.photos/800/600?random=104', NULL, NULL, ST_GeomFromText('POINT(0 0)', 4326), NULL, 'Diana·老师', 'https://picsum.photos/200?random=4', 1, TRUE, '2024-12-27 15:00:00', '2024-12-27 15:00:00'),
(2005, 1005, 1, 'Python数据分析入门', '使用Pandas和Matplotlib进行数据可视化', 'https://picsum.photos/800/600?random=105', NULL, NULL, ST_GeomFromText('POINT(0 0)', 4326), NULL, 'Eva·数据分析', 'https://picsum.photos/200?random=5', 1, FALSE, '2024-12-27 16:00:00', '2024-12-27 16:00:00'),
(2006, 1006, 1, 'Docker容器化部署', 'Dockerfile编写技巧和Docker Compose实战', 'https://picsum.photos/800/600?random=106', NULL, NULL, ST_GeomFromText('POINT(0 0)', 4326), NULL, 'Fiona·PM', 'https://picsum.photos/200?random=6', 1, TRUE, '2024-12-27 17:00:00', '2024-12-27 17:00:00'),
(2007, 1007, 1, 'Git版本控制进阶', 'Git分支管理、冲突解决、版本回退技巧', 'https://picsum.photos/800/600?random=107', NULL, NULL, ST_GeomFromText('POINT(0 0)', 4326), NULL, 'Grace·测试', 'https://picsum.photos/200?random=7', 1, FALSE, '2024-12-27 18:00:00', '2024-12-27 18:00:00'),
(2008, 1008, 1, 'Vue3 Composition API', 'Vue3组合式API深度解析和最佳实践', 'https://picsum.photos/800/600?random=108', NULL, NULL, ST_GeomFromText('POINT(0 0)', 4326), NULL, 'Henry·销售', 'https://picsum.photos/200?random=8', 1, TRUE, '2024-12-26 09:00:00', '2024-12-26 09:00:00'),
(2009, 1009, 1, 'Nginx配置优化', 'Nginx反向代理、负载均衡、缓存配置详解', 'https://picsum.photos/800/600?random=109', NULL, NULL, ST_GeomFromText('POINT(0 0)', 4326), NULL, 'Ivan·教练', 'https://picsum.photos/200?random=9', 1, FALSE, '2024-12-26 10:00:00', '2024-12-26 10:00:00'),
(2010, 1010, 1, 'TypeScript类型体操', 'TypeScript高级类型系统和泛型应用', 'https://picsum.photos/800/600?random=110', NULL, NULL, ST_GeomFromText('POINT(0 0)', 4326), NULL, 'Jack·HR', 'https://picsum.photos/200?random=10', 1, TRUE, '2024-12-26 11:00:00', '2024-12-26 11:00:00'),

-- 生活分享类（10条）
(2011, 1001, 1, '深圳湾公园骑行', '周末在深圳湾骑行30公里，风景超美！', 'https://picsum.photos/800/600?random=111', NULL, NULL, ST_GeomFromText('POINT(0 0)', 4326), NULL, 'Alice·全栈开发', 'https://picsum.photos/200?random=1', 1, FALSE, '2024-12-25 15:00:00', '2024-12-25 15:00:00'),
(2012, 1002, 1, '探店｜这家咖啡店必打卡', '分享一家宝藏咖啡店，拉花超级好看', 'https://picsum.photos/800/600?random=112', NULL, NULL, ST_GeomFromText('POINT(0 0)', 4326), NULL, 'Bob·UI设计师', 'https://picsum.photos/200?random=2', 1, TRUE, '2024-12-25 16:00:00', '2024-12-25 16:00:00'),
(2013, 1003, 1, '周末电影推荐', '最近看了《沙丘2》，特效太震撼了！', 'https://picsum.photos/800/600?random=113', NULL, NULL, ST_GeomFromText('POINT(0 0)', 4326), NULL, 'Charlie·学生', 'https://picsum.photos/200?random=3', 1, FALSE, '2024-12-25 17:00:00', '2024-12-25 17:00:00'),
(2014, 1004, 1, '健身打卡第100天', '坚持健身100天，分享我的健身计划', 'https://picsum.photos/800/600?random=114', NULL, NULL, ST_GeomFromText('POINT(0 0)', 4326), NULL, 'Diana·老师', 'https://picsum.photos/200?random=4', 1, TRUE, '2024-12-24 09:00:00', '2024-12-24 09:00:00'),
(2015, 1005, 1, '读书笔记｜《认知觉醒》', '分享最近读的好书，关于自我提升', 'https://picsum.photos/800/600?random=115', NULL, NULL, ST_GeomFromText('POINT(0 0)', 4326), NULL, 'Eva·数据分析', 'https://picsum.photos/200?random=5', 1, FALSE, '2024-12-24 10:00:00', '2024-12-24 10:00:00'),
(2016, 1006, 1, '美食日记｜自制披萨', '第一次在家做披萨，味道还不错', 'https://picsum.photos/800/600?random=116', NULL, NULL, ST_GeomFromText('POINT(0 0)', 4326), NULL, 'Fiona·PM', 'https://picsum.photos/200?random=6', 1, TRUE, '2024-12-24 11:00:00', '2024-12-24 11:00:00'),
(2017, 1007, 1, '旅行VLOG｜桂林山水', '桂林旅行三天两夜攻略分享', 'https://picsum.photos/800/600?random=117', NULL, NULL, ST_GeomFromText('POINT(0 0)', 4326), NULL, 'Grace·测试', 'https://picsum.photos/200?random=7', 1, FALSE, '2024-12-23 15:00:00', '2024-12-23 15:00:00'),
(2018, 1008, 1, '摄影技巧｜夜景拍摄', '手机夜景拍摄的5个小技巧', 'https://picsum.photos/800/600?random=118', NULL, NULL, ST_GeomFromText('POINT(0 0)', 4326), NULL, 'Henry·销售', 'https://picsum.photos/200?random=8', 1, TRUE, '2024-12-23 16:00:00', '2024-12-23 16:00:00'),
(2019, 1009, 1, '宠物日常｜我家猫咪', '分享我家橘猫的日常搞笑瞬间', 'https://picsum.photos/800/600?random=119', NULL, NULL, ST_GeomFromText('POINT(0 0)', 4326), NULL, 'Ivan·教练', 'https://picsum.photos/200?random=9', 1, FALSE, '2024-12-23 17:00:00', '2024-12-23 17:00:00'),
(2020, 1010, 1, '生活碎片｜日落时分', '今天的日落太美了，随手拍', 'https://picsum.photos/800/600?random=120', NULL, NULL, ST_GeomFromText('POINT(0 0)', 4326), NULL, 'Jack·HR', 'https://picsum.photos/200?random=10', 1, TRUE, '2024-12-22 18:00:00', '2024-12-22 18:00:00'),

-- ========== 活动内容（15条）========== 
-- 深圳地区活动（8条）
(2101, 1004, 2, '周末Java学习沙龙', 'Java学习沙龙，交流编程经验，欢迎新手', 'https://picsum.photos/800/600?random=201', '星巴克（深圳湾店）', '深圳市南山区科技园南路18号', ST_GeomFromText('POINT(22.5428 114.0549)', 4326), 440300, 'Diana·老师', 'https://picsum.photos/200?random=4', 1, TRUE, '2024-12-27 09:00:00', '2024-12-27 09:00:00'),
(2102, 1006, 2, '产品设计工作坊', '产品设计思维训练，提升设计能力', 'https://picsum.photos/800/600?random=202', '腾讯大厦', '深圳市南山区科技园腾讯大厦', ST_GeomFromText('POINT(22.5396 114.0312)', 4326), 440300, 'Fiona·PM', 'https://picsum.photos/200?random=6', 1, TRUE, '2024-12-27 11:00:00', '2024-12-27 11:00:00'),
(2103, 1009, 2, '新年健身挑战', '21天健身挑战，一起变更好', 'https://picsum.photos/800/600?random=203', '威尔仕健身', '深圳市南山区深圳湾体育中心', ST_GeomFromText('POINT(22.5105 113.9583)', 4326), 440300, 'Ivan·教练', 'https://picsum.photos/200?random=9', 1, TRUE, '2024-12-26 15:00:00', '2024-12-26 15:00:00'),
(2104, 1001, 2, 'React技术交流会', 'React最新技术分享和项目实战', 'https://picsum.photos/800/600?random=204', '科兴科学园', '深圳市南山区科技园科兴科学园', ST_GeomFromText('POINT(22.5456 114.0234)', 4326), 440300, 'Alice·全栈开发', 'https://picsum.photos/200?random=1', 1, FALSE, '2024-12-26 14:00:00', '2024-12-26 14:00:00'),
(2105, 1002, 2, 'UI设计作品展', '设计师作品展示和交流活动', 'https://picsum.photos/800/600?random=205', 'OCT创意园', '深圳市南山区华侨城创意文化园', ST_GeomFromText('POINT(22.5389 113.9789)', 4326), 440300, 'Bob·UI设计师', 'https://picsum.photos/200?random=2', 1, TRUE, '2024-12-25 10:00:00', '2024-12-25 10:00:00'),
(2106, 1005, 2, '数据分析实战营', 'Python数据分析实战训练', 'https://picsum.photos/800/600?random=206', '软件产业基地', '深圳市南山区科技园软件产业基地', ST_GeomFromText('POINT(22.5434 114.0156)', 4326), 440300, 'Eva·数据分析', 'https://picsum.photos/200?random=5', 1, FALSE, '2024-12-25 14:00:00', '2024-12-25 14:00:00'),
(2107, 1007, 2, '敏捷开发分享会', 'Scrum和看板方法实践分享', 'https://picsum.photos/800/600?random=207', '深大创业园', '深圳市南山区深圳大学创业园', ST_GeomFromText('POINT(22.5378 113.9456)', 4326), 440300, 'Grace·测试', 'https://picsum.photos/200?random=7', 1, TRUE, '2024-12-24 09:00:00', '2024-12-24 09:00:00'),
(2108, 1008, 2, '周末羽毛球约战', '羽毛球爱好者约战，欢迎加入', 'https://picsum.photos/800/600?random=208', '深圳湾体育中心', '深圳市南山区深圳湾体育中心', ST_GeomFromText('POINT(22.5105 113.9583)', 4326), 440300, 'Henry·销售', 'https://picsum.photos/200?random=8', 1, FALSE, '2024-12-24 15:00:00', '2024-12-24 15:00:00'),

-- 广州地区活动（4条）
(2109, 1003, 2, '广州SpringBoot交流', 'SpringBoot微服务架构分享', 'https://picsum.photos/800/600?random=209', '天河软件园', '广州市天河区天河软件园', ST_GeomFromText('POINT(23.1456 113.3234)', 4326), 440100, 'Charlie·学生', 'https://picsum.photos/200?random=3', 1, TRUE, '2024-12-23 10:00:00', '2024-12-23 10:00:00'),
(2110, 1004, 2, '广州读书会', '技术书籍读书分享会', 'https://picsum.photos/800/600?random=210', '珠江新城图书馆', '广州市天河区珠江新城图书馆', ST_GeomFromText('POINT(23.1189 113.3234)', 4326), 440100, 'Diana·老师', 'https://picsum.photos/200?random=4', 1, FALSE, '2024-12-22 14:00:00', '2024-12-22 14:00:00'),
(2111, 1006, 2, '广州创业交流会', '创业经验和资源对接', 'https://picsum.photos/800/600?random=211', '琶洲会展中心', '广州市海珠区琶洲会展中心', ST_GeomFromText('POINT(23.0989 113.3556)', 4326), 440100, 'Fiona·PM', 'https://picsum.photos/200?random=6', 1, TRUE, '2024-12-21 10:00:00', '2024-12-21 10:00:00'),
(2112, 1009, 2, '广州马拉松训练', '马拉松训练营，备战广马', 'https://picsum.photos/800/600?random=212', '天河体育中心', '广州市天河区天河体育中心', ST_GeomFromText('POINT(23.1378 113.3234)', 4326), 440100, 'Ivan·教练', 'https://picsum.photos/200?random=9', 1, FALSE, '2024-12-21 06:00:00', '2024-12-21 06:00:00'),

-- 北京地区活动（3条）
(2113, 1001, 2, '北京技术大会', '互联网技术年度盛会', 'https://picsum.photos/800/600?random=213', '国家会议中心', '北京市朝阳区国家会议中心', ST_GeomFromText('POINT(39.9789 116.3945)', 4326), 110000, 'Alice·全栈开发', 'https://picsum.photos/200?random=1', 1, TRUE, '2024-12-20 09:00:00', '2024-12-20 09:00:00'),
(2114, 1002, 2, '北京设计周', '设计师作品展和行业交流', 'https://picsum.photos/800/600?random=214', '798艺术区', '北京市朝阳区798艺术区', ST_GeomFromText('POINT(39.9856 116.4834)', 4326), 110000, 'Bob·UI设计师', 'https://picsum.photos/200?random=2', 1, FALSE, '2024-12-20 10:00:00', '2024-12-20 10:00:00'),
(2115, 1005, 2, '北京数据峰会', '大数据和AI技术峰会', 'https://picsum.photos/800/600?random=215', '中关村软件园', '北京市海淀区中关村软件园', ST_GeomFromText('POINT(40.0456 116.2934)', 4326), 110000, 'Eva·数据分析', 'https://picsum.photos/200?random=5', 1, TRUE, '2024-12-19 09:00:00', '2024-12-19 09:00:00'),

-- ========== 技能服务（15条）========== 
-- 编程技能（8条）
(2201, 1001, 3, 'React全栈开发辅导', 'React+Node.js全栈开发指导，项目实战', 'https://picsum.photos/800/600?random=301', NULL, NULL, ST_GeomFromText('POINT(0 0)', 4326), NULL, 'Alice·全栈开发', 'https://picsum.photos/200?random=1', 1, TRUE, '2024-12-25 10:00:00', '2024-12-25 10:00:00'),
(2202, 1002, 3, 'UI设计一对一教学', 'Figma工具使用和界面设计教学', 'https://picsum.photos/800/600?random=302', NULL, NULL, ST_GeomFromText('POINT(0 0)', 4326), NULL, 'Bob·UI设计师', 'https://picsum.photos/200?random=2', 1, TRUE, '2024-12-25 14:00:00', '2024-12-25 14:00:00'),
(2203, 1004, 3, 'Java编程教学', 'Java基础到Spring Boot企业级开发', 'https://picsum.photos/800/600?random=303', NULL, NULL, ST_GeomFromText('POINT(0 0)', 4326), NULL, 'Diana·老师', 'https://picsum.photos/200?random=4', 1, TRUE, '2024-12-25 16:00:00', '2024-12-25 16:00:00'),
(2204, 1003, 3, 'Python爬虫教学', 'Python网络爬虫从入门到实战', 'https://picsum.photos/800/600?random=304', NULL, NULL, ST_GeomFromText('POINT(0 0)', 4326), NULL, 'Charlie·学生', 'https://picsum.photos/200?random=3', 1, FALSE, '2024-12-24 10:00:00', '2024-12-24 10:00:00'),
(2205, 1005, 3, '数据分析咨询', 'Excel、Python数据分析技能培训', 'https://picsum.photos/800/600?random=305', NULL, NULL, ST_GeomFromText('POINT(0 0)', 4326), NULL, 'Eva·数据分析', 'https://picsum.photos/200?random=5', 1, TRUE, '2024-12-24 14:00:00', '2024-12-24 14:00:00'),
(2206, 1007, 3, '软件测试培训', '自动化测试和性能测试培训', 'https://picsum.photos/800/600?random=306', NULL, NULL, ST_GeomFromText('POINT(0 0)', 4326), NULL, 'Grace·测试', 'https://picsum.photos/200?random=7', 1, FALSE, '2024-12-23 10:00:00', '2024-12-23 10:00:00'),
(2207, 1001, 3, '前端面试辅导', '前端技术面试题讲解和模拟面试', 'https://picsum.photos/800/600?random=307', NULL, NULL, ST_GeomFromText('POINT(0 0)', 4326), NULL, 'Alice·全栈开发', 'https://picsum.photos/200?random=1', 1, TRUE, '2024-12-22 10:00:00', '2024-12-22 10:00:00'),
(2208, 1003, 3, '算法刷题指导', 'LeetCode算法题讲解和技巧分享', 'https://picsum.photos/800/600?random=308', NULL, NULL, ST_GeomFromText('POINT(0 0)', 4326), NULL, 'Charlie·学生', 'https://picsum.photos/200?random=3', 1, FALSE, '2024-12-21 10:00:00', '2024-12-21 10:00:00'),

-- 生活技能（7条）
(2209, 1006, 3, '产品经理培训', '产品设计、需求分析、项目管理', 'https://picsum.photos/800/600?random=309', NULL, NULL, ST_GeomFromText('POINT(0 0)', 4326), NULL, 'Fiona·PM', 'https://picsum.photos/200?random=6', 1, TRUE, '2024-12-20 10:00:00', '2024-12-20 10:00:00'),
(2210, 1008, 3, '销售技巧培训', '销售话术、客户管理、谈判技巧', 'https://picsum.photos/800/600?random=310', NULL, NULL, ST_GeomFromText('POINT(0 0)', 4326), NULL, 'Henry·销售', 'https://picsum.photos/200?random=8', 1, FALSE, '2024-12-20 14:00:00', '2024-12-20 14:00:00'),
(2211, 1009, 3, '私人健身教练', '一对一健身指导和饮食计划', 'https://picsum.photos/800/600?random=311', NULL, NULL, ST_GeomFromText('POINT(0 0)', 4326), NULL, 'Ivan·教练', 'https://picsum.photos/200?random=9', 1, TRUE, '2024-12-19 10:00:00', '2024-12-19 10:00:00'),
(2212, 1010, 3, 'HR职业规划', '简历优化、面试技巧、职业发展咨询', 'https://picsum.photos/800/600?random=312', NULL, NULL, ST_GeomFromText('POINT(0 0)', 4326), NULL, 'Jack·HR', 'https://picsum.photos/200?random=10', 1, FALSE, '2024-12-19 14:00:00', '2024-12-19 14:00:00'),
(2213, 1002, 3, '摄影后期教学', 'Photoshop和Lightroom修图教学', 'https://picsum.photos/800/600?random=313', NULL, NULL, ST_GeomFromText('POINT(0 0)', 4326), NULL, 'Bob·UI设计师', 'https://picsum.photos/200?random=2', 1, TRUE, '2024-12-18 10:00:00', '2024-12-18 10:00:00'),
(2214, 1004, 3, '英语口语陪练', '日常英语、商务英语口语练习', 'https://picsum.photos/800/600?random=314', NULL, NULL, ST_GeomFromText('POINT(0 0)', 4326), NULL, 'Diana·老师', 'https://picsum.photos/200?random=4', 1, FALSE, '2024-12-18 14:00:00', '2024-12-18 14:00:00'),
(2215, 1005, 3, '财务规划咨询', '个人理财、投资规划、保险配置', 'https://picsum.photos/800/600?random=315', NULL, NULL, ST_GeomFromText('POINT(0 0)', 4326), NULL, 'Eva·数据分析', 'https://picsum.photos/200?random=5', 1, TRUE, '2024-12-17 10:00:00', '2024-12-17 10:00:00');

-- =====================================================
-- 初始化统计数据（50条）
-- =====================================================
INSERT INTO `content_stats` (`content_id`, `view_count`, `like_count`, `comment_count`, `share_count`, `collect_count`, `created_at`) VALUES
-- 动态内容统计（高热度）
(2001, 2580, 456, 89, 125, 234, NOW()), (2002, 3420, 689, 156, 245, 456, NOW()),
(2003, 1280, 234, 45, 67, 123, NOW()), (2004, 4560, 892, 234, 345, 567, NOW()),
(2005, 980, 156, 34, 45, 89, NOW()), (2006, 5680, 1234, 345, 456, 789, NOW()),
(2007, 1580, 289, 67, 89, 145, NOW()), (2008, 6780, 1456, 456, 567, 890, NOW()),
(2009, 2340, 445, 89, 123, 234, NOW()), (2010, 7890, 1678, 567, 678, 1023, NOW()),
-- 生活分享统计（中等热度）
(2011, 1450, 267, 56, 78, 156, NOW()), (2012, 2890, 534, 123, 156, 289, NOW()),
(2013, 980, 178, 34, 45, 89, NOW()), (2014, 3450, 678, 145, 189, 345, NOW()),
(2015, 1230, 234, 45, 67, 134, NOW()), (2016, 4560, 892, 234, 289, 456, NOW()),
(2017, 1780, 334, 67, 89, 178, NOW()), (2018, 5670, 1089, 289, 356, 567, NOW()),
(2019, 2340, 445, 89, 123, 234, NOW()), (2020, 6780, 1345, 356, 445, 678, NOW()),
-- 活动内容统计（高参与度）
(2101, 4560, 892, 234, 178, 456, NOW()), (2102, 5680, 1123, 345, 234, 567, NOW()),
(2103, 6780, 1345, 456, 289, 678, NOW()), (2104, 3450, 678, 145, 123, 345, NOW()),
(2105, 7890, 1567, 567, 345, 789, NOW()), (2106, 2890, 534, 123, 89, 289, NOW()),
(2107, 8900, 1789, 678, 456, 890, NOW()), (2108, 3450, 678, 145, 123, 345, NOW()),
(2109, 5670, 1123, 289, 178, 567, NOW()), (2110, 2890, 534, 123, 89, 289, NOW()),
(2111, 6780, 1345, 456, 234, 678, NOW()), (2112, 3450, 678, 145, 123, 345, NOW()),
(2113, 9890, 2034, 789, 567, 1023, NOW()), (2114, 4560, 892, 234, 178, 456, NOW()),
(2115, 10890, 2345, 890, 678, 1234, NOW()),
-- 技能服务统计（高收藏）
(2201, 12340, 2567, 456, 789, 1567, NOW()), (2202, 11230, 2345, 389, 678, 1456, NOW()),
(2203, 15670, 3456, 678, 1023, 2345, NOW()), (2204, 8900, 1789, 289, 456, 1123, NOW()),
(2205, 13450, 2789, 534, 890, 1789, NOW()), (2206, 6780, 1345, 234, 345, 890, NOW()),
(2207, 14560, 3012, 567, 934, 1890, NOW()), (2208, 7890, 1567, 289, 456, 1023, NOW()),
(2209, 16780, 3456, 678, 1123, 2456, NOW()), (2210, 5670, 1123, 178, 289, 678, NOW()),
(2211, 18900, 3890, 789, 1345, 2789, NOW()), (2212, 6780, 1345, 234, 356, 890, NOW()),
(2213, 12340, 2567, 456, 789, 1567, NOW()), (2214, 8900, 1789, 289, 445, 1123, NOW()),
(2215, 19890, 4123, 890, 1456, 3012, NOW());

-- =====================================================
-- 插入评论（30条）
-- =====================================================
INSERT INTO `comment` (`id`, `content_id`, `user_id`, `parent_id`, `reply_to_id`, `reply_to_user_id`, `comment_text`, `like_count`, `reply_count`, `is_top`, `status`, `created_at`) VALUES
-- 热门动态的评论
(5001, 2001, 1003, NULL, NULL, NULL, '学习了！React 18的并发特性确实很强大', 25, 2, FALSE, 1, '2024-12-28 09:35:00'),
(5002, 2001, 1007, NULL, NULL, NULL, '期待更多实战案例分享', 15, 0, FALSE, 1, '2024-12-28 10:00:00'),
(5003, 2001, 1001, 5001, 5001, 1003, '@Charlie 后续会出详细教程', 8, 0, FALSE, 1, '2024-12-28 09:40:00'),
(5004, 2002, 1006, NULL, NULL, NULL, '设计技巧很实用，收藏了！', 32, 1, TRUE, 1, '2024-12-28 11:05:00'),
(5005, 2004, 1005, NULL, NULL, NULL, 'MySQL优化这块确实很重要', 45, 2, TRUE, 1, '2024-12-27 15:30:00'),
(5006, 2006, 1008, NULL, NULL, NULL, 'Docker真的很好用，部署方便多了', 28, 0, FALSE, 1, '2024-12-27 17:30:00'),
(5007, 2008, 1009, NULL, NULL, NULL, 'Vue3的组合式API用起来很舒服', 36, 1, FALSE, 1, '2024-12-26 10:00:00'),
(5008, 2010, 1004, NULL, NULL, NULL, 'TypeScript类型体操，有点难度', 42, 2, TRUE, 1, '2024-12-26 12:00:00'),

-- 生活分享的评论
(5009, 2012, 1001, NULL, NULL, NULL, '这家咖啡店在哪里？想去打卡', 18, 1, FALSE, 1, '2024-12-25 16:30:00'),
(5010, 2012, 1002, 5009, 5009, 1001, '@Alice 在南山区海岸城附近', 5, 0, FALSE, 1, '2024-12-25 16:35:00'),
(5011, 2014, 1009, NULL, NULL, NULL, '100天坚持不容易，加油！', 23, 0, FALSE, 1, '2024-12-24 10:00:00'),
(5012, 2016, 1007, NULL, NULL, NULL, '披萨看起来很好吃，求教程', 15, 1, FALSE, 1, '2024-12-24 12:00:00'),
(5013, 2018, 1005, NULL, NULL, NULL, '夜景拍摄技巧很实用', 19, 0, FALSE, 1, '2024-12-23 17:00:00'),
(5014, 2020, 1003, NULL, NULL, NULL, '日落太美了，想去同款机位', 12, 0, FALSE, 1, '2024-12-22 19:00:00'),

-- 活动的评论
(5015, 2101, 1003, NULL, NULL, NULL, '我想参加Java沙龙，怎么报名？', 15, 1, FALSE, 1, '2024-12-27 10:00:00'),
(5016, 2101, 1004, 5015, 5015, 1003, '@Charlie 私信我即可', 3, 0, FALSE, 1, '2024-12-27 10:05:00'),
(5017, 2102, 1002, NULL, NULL, NULL, '产品设计工作坊内容很赞', 28, 0, TRUE, 1, '2024-12-27 14:00:00'),
(5018, 2103, 1008, NULL, NULL, NULL, '健身挑战我也要参加！', 34, 2, FALSE, 1, '2024-12-26 16:00:00'),
(5019, 2105, 1001, NULL, NULL, NULL, 'UI设计作品展很有收获', 22, 0, FALSE, 1, '2024-12-25 12:00:00'),
(5020, 2107, 1006, NULL, NULL, NULL, '敏捷开发的分享很实用', 18, 0, FALSE, 1, '2024-12-24 11:00:00'),

-- 技能服务的评论
(5021, 2201, 1003, NULL, NULL, NULL, 'Alice老师的课程讲得特别好', 56, 2, TRUE, 1, '2024-12-25 12:00:00'),
(5022, 2201, 1007, NULL, NULL, NULL, '全栈开发学完找到工作了，感谢！', 42, 0, FALSE, 1, '2024-12-25 14:00:00'),
(5023, 2202, 1008, NULL, NULL, NULL, 'Figma学完设计效率提升很多', 38, 1, FALSE, 1, '2024-12-25 16:00:00'),
(5024, 2203, 1003, NULL, NULL, NULL, 'Diana老师的Java课程体系很完整', 89, 3, TRUE, 1, '2024-12-25 18:00:00'),
(5025, 2203, 1001, 5024, 5024, 1003, '同意！我也在学', 12, 0, FALSE, 1, '2024-12-25 18:15:00'),
(5026, 2205, 1006, NULL, NULL, NULL, '数据分析课程很实战', 45, 1, TRUE, 1, '2024-12-24 16:00:00'),
(5027, 2209, 1005, NULL, NULL, NULL, '产品经理培训内容很全面', 52, 2, TRUE, 1, '2024-12-20 12:00:00'),
(5028, 2211, 1004, NULL, NULL, NULL, '私教课程效果很好，已经瘦了10斤', 67, 2, TRUE, 1, '2024-12-19 12:00:00'),
(5029, 2213, 1009, NULL, NULL, NULL, '摄影后期技巧学到了很多', 34, 0, FALSE, 1, '2024-12-18 12:00:00'),
(5030, 2215, 1010, NULL, NULL, NULL, '财务规划咨询很专业', 41, 1, FALSE, 1, '2024-12-17 12:00:00');

-- =====================================================
-- 插入话题（10个）
-- =====================================================
INSERT INTO `topic` (`id`, `name`, `description`, `cover_url`, `creator_id`, `category`, `is_hot`, `is_trending`, `status`, `created_at`) VALUES
(4001, '#React#', 'React前端技术交流', 'https://picsum.photos/300?random=401', 1001, 1, TRUE, TRUE, 2, '2024-12-01 10:00:00'),
(4002, '#UI设计#', 'UI/UX设计分享', 'https://picsum.photos/300?random=402', 1002, 2, TRUE, TRUE, 2, '2024-12-01 11:00:00'),
(4003, '#Java#', 'Java编程技术', 'https://picsum.photos/300?random=403', 1004, 1, TRUE, TRUE, 3, '2024-12-01 12:00:00'),
(4004, '#SpringBoot#', 'Spring Boot开发', 'https://picsum.photos/300?random=404', 1001, 1, TRUE, FALSE, 1, '2024-12-01 13:00:00'),
(4005, '#Python#', 'Python编程', 'https://picsum.photos/300?random=405', 1005, 1, TRUE, TRUE, 2, '2024-12-02 10:00:00'),
(4006, '#前端开发#', '前端技术讨论', 'https://picsum.photos/300?random=406', 1001, 1, TRUE, TRUE, 2, '2024-12-02 11:00:00'),
(4007, '#生活分享#', '日常生活记录', 'https://picsum.photos/300?random=407', 1002, 3, TRUE, FALSE, 1, '2024-12-02 12:00:00'),
(4008, '#健身打卡#', '健身运动分享', 'https://picsum.photos/300?random=408', 1009, 5, TRUE, TRUE, 2, '2024-12-03 10:00:00'),
(4009, '#美食探店#', '美食推荐', 'https://picsum.photos/300?random=409', 1002, 3, TRUE, FALSE, 1, '2024-12-03 11:00:00'),
(4010, '#职场成长#', '职场经验分享', 'https://picsum.photos/300?random=410', 1006, 6, TRUE, TRUE, 2, '2024-12-03 12:00:00');

-- =====================================================
-- 插入话题统计
-- =====================================================
INSERT INTO `topic_stats` (`topic_id`, `participant_count`, `post_count`, `view_count`, `like_count`, `follow_count`, `heat_score`, `trend_score`, `today_post_count`, `week_post_count`, `month_post_count`, `updated_at`) VALUES
(4001, 2580, 456, 32500, 5680, 1250, 25800, 15.5, 25, 78, 245, NOW()),
(4002, 1980, 389, 28900, 4890, 980, 19800, 12.3, 18, 65, 198, NOW()),
(4003, 3450, 678, 45600, 8900, 1890, 34500, 22.8, 35, 128, 456, NOW()),
(4004, 1450, 289, 18900, 3450, 850, 14500, 8.9, 12, 48, 145, NOW()),
(4005, 2890, 534, 38900, 6780, 1560, 28900, 18.6, 28, 95, 334, NOW()),
(4006, 3120, 589, 42300, 7890, 1680, 31200, 20.4, 32, 112, 389, NOW()),
(4007, 4560, 892, 56700, 12340, 2340, 45600, 28.9, 45, 178, 567, NOW()),
(4008, 2340, 445, 31200, 5670, 1230, 23400, 14.7, 22, 82, 278, NOW()),
(4009, 3890, 734, 49800, 9890, 1980, 38900, 24.5, 38, 145, 489, NOW()),
(4010, 2780, 523, 36700, 6890, 1450, 27800, 17.3, 26, 98, 345, NOW());

-- =====================================================
-- 插入内容话题关联（50条）
-- =====================================================
INSERT INTO `content_topic` (`id`, `content_id`, `topic_id`, `sort_order`, `created_at`) VALUES
-- React相关
(7001, 2001, 4001, 1, '2024-12-28 09:00:00'), (7002, 2001, 4006, 2, '2024-12-28 09:00:00'),
(7003, 2201, 4001, 1, '2024-12-25 10:00:00'), (7004, 2207, 4001, 1, '2024-12-22 10:00:00'),
-- UI设计相关
(7005, 2002, 4002, 1, '2024-12-28 10:30:00'), (7006, 2202, 4002, 1, '2024-12-25 14:00:00'),
(7007, 2213, 4002, 1, '2024-12-18 10:00:00'), (7008, 2105, 4002, 1, '2024-12-25 10:00:00'),
-- Java相关
(7009, 2003, 4003, 1, '2024-12-28 14:00:00'), (7010, 2003, 4004, 2, '2024-12-28 14:00:00'),
(7011, 2203, 4003, 1, '2024-12-25 16:00:00'), (7012, 2101, 4003, 1, '2024-12-27 09:00:00'),
(7013, 2104, 4001, 1, '2024-12-26 14:00:00'), (7014, 2109, 4004, 1, '2024-12-23 10:00:00'),
-- Python相关
(7015, 2005, 4005, 1, '2024-12-27 16:00:00'), (7016, 2204, 4005, 1, '2024-12-24 10:00:00'),
(7017, 2205, 4005, 1, '2024-12-24 14:00:00'), (7018, 2115, 4005, 1, '2024-12-19 09:00:00'),
-- 前端开发相关
(7019, 2008, 4006, 1, '2024-12-26 09:00:00'), (7020, 2010, 4006, 1, '2024-12-26 11:00:00'),
-- 生活分享相关
(7021, 2011, 4007, 1, '2024-12-25 15:00:00'), (7022, 2012, 4007, 1, '2024-12-25 16:00:00'),
(7023, 2012, 4009, 2, '2024-12-25 16:00:00'), (7024, 2013, 4007, 1, '2024-12-25 17:00:00'),
(7025, 2015, 4007, 1, '2024-12-24 10:00:00'), (7026, 2016, 4009, 1, '2024-12-24 11:00:00'),
(7027, 2017, 4007, 1, '2024-12-23 15:00:00'), (7028, 2018, 4007, 1, '2024-12-23 16:00:00'),
(7029, 2019, 4007, 1, '2024-12-23 17:00:00'), (7030, 2020, 4007, 1, '2024-12-22 18:00:00'),
-- 健身相关
(7031, 2014, 4008, 1, '2024-12-24 09:00:00'), (7032, 2103, 4008, 1, '2024-12-26 15:00:00'),
(7033, 2108, 4008, 1, '2024-12-24 15:00:00'), (7034, 2112, 4008, 1, '2024-12-21 06:00:00'),
(7035, 2211, 4008, 1, '2024-12-19 10:00:00'),
-- 职场成长相关
(7036, 2102, 4010, 1, '2024-12-27 11:00:00'), (7037, 2106, 4010, 1, '2024-12-25 14:00:00'),
(7038, 2107, 4010, 1, '2024-12-24 09:00:00'), (7039, 2209, 4010, 1, '2024-12-20 10:00:00'),
(7040, 2210, 4010, 1, '2024-12-20 14:00:00'), (7041, 2212, 4010, 1, '2024-12-19 14:00:00'),
(7042, 2111, 4010, 1, '2024-12-21 10:00:00'),
-- 技术大会相关
(7043, 2113, 4001, 1, '2024-12-20 09:00:00'), (7044, 2113, 4006, 2, '2024-12-20 09:00:00'),
(7045, 2114, 4002, 1, '2024-12-20 10:00:00'), (7046, 2110, 4007, 1, '2024-12-22 14:00:00'),
-- 其他
(7047, 2206, 4010, 1, '2024-12-23 10:00:00'), (7048, 2214, 4010, 1, '2024-12-18 14:00:00'),
(7049, 2215, 4010, 1, '2024-12-17 10:00:00'), (7050, 2208, 4003, 1, '2024-12-21 10:00:00');

-- =====================================================
-- 插入话题关注（部分用户关注热门话题）
-- =====================================================
INSERT INTO `topic_follow` (`id`, `user_id`, `topic_id`, `status`, `created_at`) VALUES
(8001, 1001, 4001, 1, '2024-12-02 10:00:00'), (8002, 1001, 4006, 1, '2024-12-02 11:00:00'),
(8003, 1002, 4002, 1, '2024-12-02 13:00:00'), (8004, 1002, 4007, 1, '2024-12-02 14:00:00'),
(8005, 1003, 4001, 1, '2024-12-03 11:00:00'), (8006, 1003, 4003, 1, '2024-12-02 17:00:00'),
(8007, 1004, 4003, 1, '2024-12-02 16:00:00'), (8008, 1004, 4004, 1, '2024-12-05 10:00:00'),
(8009, 1005, 4005, 1, '2024-12-03 10:00:00'), (8010, 1006, 4010, 1, '2024-12-03 12:00:00'),
(8011, 1007, 4010, 1, '2024-12-03 13:00:00'), (8012, 1008, 4007, 1, '2024-12-03 14:00:00'),
(8013, 1009, 4008, 1, '2024-12-03 15:00:00'), (8014, 1010, 4010, 1, '2024-12-03 16:00:00');

-- =====================================================
-- 插入行为数据（点赞、收藏）
-- =====================================================
INSERT INTO `content_action` (`id`, `content_id`, `user_id`, `action`, `status`, `created_at`) VALUES
-- 点赞行为（action=1）
(9001, 2001, 1002, 1, 1, '2024-12-28 09:15:00'), (9002, 2001, 1003, 1, 1, '2024-12-28 09:30:00'),
(9003, 2002, 1001, 1, 1, '2024-12-28 10:45:00'), (9004, 2004, 1005, 1, 1, '2024-12-27 15:30:00'),
(9005, 2006, 1008, 1, 1, '2024-12-27 17:30:00'), (9006, 2008, 1009, 1, 1, '2024-12-26 10:00:00'),
(9007, 2010, 1004, 1, 1, '2024-12-26 12:00:00'), (9008, 2012, 1001, 1, 1, '2024-12-25 16:30:00'),
-- 收藏行为（action=3）
(9009, 2201, 1003, 3, 1, '2024-12-25 11:05:00'), (9010, 2203, 1003, 3, 1, '2024-12-25 17:00:00'),
(9011, 2205, 1006, 3, 1, '2024-12-24 15:00:00'), (9012, 2209, 1005, 3, 1, '2024-12-20 11:00:00'),
(9013, 2211, 1004, 3, 1, '2024-12-19 11:00:00'), (9014, 2213, 1009, 3, 1, '2024-12-18 11:00:00'),
(9015, 2215, 1010, 3, 1, '2024-12-17 11:00:00');

-- =====================================================
-- 验证结果
-- =====================================================

SELECT '✅ 丰富测试数据初始化完成！' AS message,
    (SELECT COUNT(*) FROM content) AS '内容总数',
    (SELECT COUNT(*) FROM content WHERE type = 1) AS '动态数',
    (SELECT COUNT(*) FROM content WHERE type = 2) AS '活动数',
    (SELECT COUNT(*) FROM content WHERE type = 3) AS '技能数',
    (SELECT COUNT(*) FROM content_stats) AS '统计记录数',
    (SELECT COUNT(*) FROM comment) AS '评论数',
    (SELECT COUNT(*) FROM topic) AS '话题数';

-- 验证符合API查询条件的记录数
SELECT '🔍 API查询验证：' AS title,
    COUNT(*) AS '符合热门内容查询的记录数'
FROM content c
WHERE c.status = 1 AND c.deleted = 0;

-- 显示部分示例数据
SELECT '📋 示例内容（前10条）：' AS title;
SELECT 
    id AS 'ID',
    title AS '标题',
    CASE type
        WHEN 1 THEN '动态'
        WHEN 2 THEN '活动'
        WHEN 3 THEN '技能'
    END AS '类型',
    is_hot AS '热门',
    user_nickname AS '作者'
FROM content
ORDER BY created_at DESC
LIMIT 10;

SELECT '🎉 数据初始化成功！共50条内容记录' AS final_message;

